{
  "project_info": {
    "project_number": "695063128480",
    "project_id": "recentnews-2d9b1",
    "storage_bucket": "recentnews-2d9b1.appspot.com"
  },
  "client": [
    {
      "client_info": {
        "mobilesdk_app_id": "1:695063128480:android:362ad055b2a34b4e0b9cc5",
        "android_client_info": {
          "package_name": "com.example.recentnews"
        }
      },
      "oauth_client": [
        {
          "client_id": "695063128480-djefl5k47vk0i82vg880dkk0esumfapi.apps.googleusercontent.com",
          "client_type": 3
        }
      ],
      "api_key": [
        {
          "current_key": "AIzaSyBPz1XOawy4Ussap-dSjl0it4S1UfnxIQ4"
        }
      ],
      "services": {
        "appinvite_service": {
          "other_platform_oauth_client": [
            {
              "client_id": "695063128480-djefl5k47vk0i82vg880dkk0esumfapi.apps.googleusercontent.com",
              "client_type": 3
            }
          ]
        }
      }
    }
  ],
  "configuration_version": "1"
}